最近天数,服务器时间
最近一天,2024-07-18 23:36:45
最近一天,2024-07-18 23:38:04
最近一天,2024-07-18 23:39:58
最近一天,2024-07-18 23:40:12
最近一天,2024-07-18 23:40:27
最近一天,2024-07-18 23:40:41
最近一天,2024-07-18 23:40:54
最近一天,2024-07-18 23:41:33
最近一天,2024-07-18 23:42:49
最近一天,2024-07-18 23:45:33
最近一天,2024-07-18 23:45:51
最近十天,2024-07-18 23:45:56
最近十天,2024-07-18 23:47:03
最近十天,2024-07-18 23:47:37
最近十天,2024-07-18 23:48:13
最近十天,2024-07-18 23:53:46
最近一天,2024-07-18 23:53:54
最近一天,2024-07-18 23:54:50
最近十天,2024-07-18 23:54:55
最近一天,2024-07-18 23:55:19
最近一天,2024-07-18 23:55:40
最近一天,2024-07-18 23:57:54
最近一天,2024-07-19 00:00:32
最近一天,2024-07-19 00:01:24
最近一天,2024-07-19 00:08:44
最近十天,2024-07-19 00:08:49
最近十天,2024-07-19 00:11:19
最近十天,2024-07-19 00:12:55
最近一天,2024-07-19 00:13:54
最近一天,2024-07-19 00:15:01
最近一天,2024-07-19 00:15:14
最近一天,2024-07-19 00:15:45
最近一天,2024-07-19 00:19:26
最近一天,2024-07-19 00:20:29
